Staff ID,Staff F_Name,Staff L_name,Department ID,Address,Contact,Email
43708,Brittany,Vargas,10,"87978 Natalie Path Suite 581
Lake Shaneville, WA 24142",142-288-5415,scott43@harris-griffin.biz
19080,Ryan,Walls,10,"990 Rivera Circle
Hernandeztown, AZ 59532",687-587-5557,kking@williamson.com
20943,Carla,Howard,3,"713 Diaz Via
North Michael, NV 43689",011-616-3883,wwhite@gmail.com
21312,Michelle,Harrell,10,"545 Justin Forks
Port Josephstad, VA 20007",001-750-3774,qwilliams@peterson.com
20927,Allison,Acevedo,1,"950 Hogan Fork
Paynehaven, KY 56778",948-678-2219,brownbonnie@gmail.com
77044,Logan,Stevens,8,"792 Lee Station
Lake Bethanymouth, FL 02880",001-348-7266,johnsonmark@hotmail.com
17877,Joshua,Tran,5,"PSC 6145, Box 5301
APO AP 52388",162-811-2554,asmith@shaffer.com
10568,Richard,Scott,13,"USNV Gonzales
FPO AP 09747",579-411-4641,rojasmichael@yahoo.com
10006,Meghan,Haney,4,"6756 Douglas Walk
West Kristi, AK 25470",817-627-6181,travisbarnes@gmail.com
16346,Kyle,Hall,8,"USNV Espinoza
FPO AP 80034",621-713-2231,taylorbrittany@gmail.com
16155,Susan,Snyder,7,"4171 Tyler Prairie
Morrisfort, MN 31979",744-956-1406,carriewiggins@yahoo.com
28802,Robin,Sharp,2,"12209 Hodges Station Suite 712
Cindyland, KS 56309",001-937-2588,brian93@santana.net
23166,Brenda,Ruiz,1,"5704 Wong Junction
Chadburgh, MN 29597",001-411-1138,tmaldonado@lyons-smith.org
29204,Gregory,Taylor,12,"64054 Bradley Glens
East Ryan, ID 68164",844-682-3234,joseph82@gmail.com
81793,Patrick,Lee,11,"430 Molly Neck
Jamesville, FL 76856",154-793-6251,hendersonadam@fischer.com
63435,Jennifer,Carpenter,4,"4768 Megan Forks Suite 121
Trevorbury, TN 76130",982-328-8489,derekmercer@gmail.com
43820,Michael,Cruz,8,"6699 Samantha Groves
South Andrewfurt, WV 48282",090-842-2370,patrickmartinez@gmail.com
18166,William,Ford,12,"Unit 5345 Box 9022
DPO AP 11667",997-488-9326,virginia13@gmail.com
46467,Veronica,Zimmerman,2,"480 Mullen Center Apt. 019
Halechester, SC 96904",849-167-9197,kimberly46@chen.com
26827,Scott,Robinson,3,"48069 Kimberly Ridge Apt. 534
East Lorifort, CT 63469",681-311-4262,lmartin@gmail.com
23344,Carol,Navarro,12,"38485 Anderson Springs
South Joseph, NY 39928",497-897-7950,kimberlywright@yahoo.com
23232,Keith,Clark,1,"Unit 8966 Box 8736
DPO AE 79992",709-666-2528,erica73@lopez.com
23457,Ashley,Bryant,1,"78386 Ramirez Lock Suite 709
Port Vanessa, CO 92544",610-715-2545,carterelizabeth@yahoo.com
35054,Kimberly,Walker,13,"933 Robert Walk
Morganberg, WI 72756",118-681-0108,respinoza@yahoo.com
33568,Lisa,Watts,3,"97609 Baxter Centers Suite 235
North Jeffrey, ID 19878",644-965-0506,hturner@hobbs.com
33459,Shawn,Kline,11,"44646 Mark Landing Suite 020
Justintown, WV 23131",702-916-7523,rdavies@gmail.com
25360,Stacy,Kim,5,"76171 Singh Canyon
South Anthonyshire, ID 70187",451-516-8490,dannypeterson@hotmail.com
51789,Shelley,James,12,"772 Chavez Club
Jonville, AK 89784",138-623-4508,smithdennis@petersen.com
32102,Chris,Waters,3,"858 Nathan Squares
Johnsonmouth, CA 80166",893-157-4206,melissadominguez@smith.com
11912,Louis,Rivera,1,"307 Edward Island Apt. 442
New Spencerfort, MA 25800",001-455-3856,adiaz@johnson-rojas.net
13809,Robert,Edwards,1,"0171 Angela Wall
North Tracy, OK 37190",115-200-0883,lewiseric@peters.com
15837,Tyler,Campos,8,"4047 Christopher Fort Apt. 413
Port Kristen, NE 02556",441-296-3066,gregory83@gmail.com
13293,Deborah,Bailey,10,"960 Mccullough Grove Apt. 448
Jamesmouth, CO 62328",273-324-2423,cassandra34@yates.net
23801,Taylor,Esparza,11,"99906 Norma Corner
Lake Chelseafurt, LA 73721",001-514-6066,fordsarah@scott-sanders.net
27584,Brandon,Rangel,12,"34536 Patel Lane
Port Christopher, OR 29077",892-442-1165,hudsondeborah@nguyen.com
20895,Justin,Stanton,13,"6219 Matthew Springs
Edwardsstad, NC 02873",108-776-0913,zmendez@gmail.com
11535,Brooke,Williams,13,"Unit 2154 Box 3687
DPO AE 53932",878-006-7820,lcook@fisher.org
29073,Christopher,Kennedy,12,"PSC 0090, Box 7985
APO AE 37495",255-982-6166,benjamin80@hotmail.com
24692,Sheila,Henson,14,"297 Angela Run Apt. 262
Jennifershire, MO 80361",849-746-9359,knappashlee@hotmail.com
29216,Gary,Rodriguez,2,"PSC 8536, Box 5037
APO AA 93344",701-899-7558,fmcintyre@gmail.com
36926,Lindsey,Thompson,13,"320 Timothy Expressway
West Sonyafort, CO 54571",001-689-6543,hspears@mckee.com
18734,Michael,Harrington,3,"730 Alexander Rapids
Ramosmouth, WV 97119",222-375-1805,bdean@neal.info
19598,Steven,Lopez,2,"96197 Stafford Highway Suite 453
Port Bradleyfurt, NV 21146",772-884-7782,randall86@jackson-mcintosh.org
22372,Brandon,Johnston,3,"03754 Jones Coves Apt. 033
New Anneview, DC 12597",633-725-7941,thomasbarron@yahoo.com
59290,Brian,Mcintosh,7,"82489 Jean Point Suite 792
New Bonnie, WI 99283",198-620-8546,owenjustin@davis.com
43177,Lisa,Moreno,1,"9338 Forbes Summit
North Johnview, AZ 18119",808-230-5010,tyler12@gardner.com
49856,Nicole,Brown,10,"068 Karen Greens
Nicholsview, AZ 16010",158-753-8369,fcherry@gmail.com
23334,Eddie,Campbell,8,"9688 Monica Tunnel Apt. 972
South Jennifer, NJ 64502",577-942-5262,joshua88@paul-graves.com
18620,Carolyn,Wright,13,"4314 Mann Cliff
North Marilyn, AR 01218",688-187-1253,byoung@hotmail.com
20216,Christine,Flores,10,"318 Price Square Suite 283
Thompsonhaven, IA 86128",224-920-0935,hayden04@hotmail.com
34849,Carlos,Hicks,10,"748 King Trail
Foxfort, VT 75661",726-236-2318,luis66@lamb.com
30485,Jennifer,Mata,10,"49690 Nicole Divide
Josephview, GA 74294",001-504-9510,karenkeller@walker.com
28823,Toni,Murphy,14,"26087 Andrew Walks
East Theresaview, AL 80114",983-420-5612,brewerrhonda@holmes.com
23845,Chase,Lopez,2,"USS Chavez
FPO AA 90396",673-440-9270,emeyer@yahoo.com
12767,Thomas,Hernandez,3,"Unit 0920 Box 7943
DPO AA 22757",123-865-3162,udavis@hotmail.com
21633,Brandon,Lawson,9,"44092 Christine Mews
Maureenchester, MD 61914",037-551-7080,vcross@moreno.com
26214,Keith,Banks,7,"12845 Peter Estate
New Jill, ND 66272",001-579-7887,ldodson@hotmail.com
27975,Jo,Williams,4,"23231 Dougherty Curve Suite 530
East Anna, HI 60579",611-788-9978,heidismith@bishop.info
31817,Cody,Jones,10,"Unit 0487 Box 8709
DPO AP 95866",855-555-1555,sarahbrown@gmail.com
29697,Aaron,Franco,5,"02295 Jake Crescent
Port Sheilaburgh, NY 47501",949-212-0386,eduardo78@russell.com
22738,Tracie,Wilson,2,"11741 Timothy Groves Apt. 861
Harrisland, TX 41017",001-662-6154,laurenhuynh@buchanan-west.com
46982,Elizabeth,Munoz,13,"47706 Rodriguez Cliffs
North Billyborough, MO 65529",001-457-8954,lopezyvonne@cook-ruiz.com
15162,Rick,Taylor,11,"4330 Pineda Corners Apt. 131
Lake John, IN 07522",399-126-5284,berryrobert@mejia-davis.com
98954,Marcus,Cook,13,"4938 Vanessa Common Suite 647
North Kenneth, KS 80858",768-353-3021,williamsseth@torres.biz
29995,Laura,Harrington,8,"739 Stafford Shores
Lake Adamfurt, MD 07455",834-011-1936,william34@clements-fisher.info
28303,Steven,Anderson,4,"85356 Ethan Mountain Suite 357
Sandraland, VA 95494",563-623-7234,rachelbutler@gmail.com
18638,Jill,Thompson,9,"94440 Heather Locks
Port Jamesville, GA 64687",785-819-9474,matthew11@gmail.com
33368,Vincent,Simmons,5,"96536 Adams Estates Apt. 500
Port Moniquemouth, MA 52483",596-932-3187,kbarton@lee-thomas.com
15579,Amy,Williams,13,"7781 Hall Terrace
West Andrew, NJ 22658",995-547-7492,bellrobert@rogers.com
28957,David,Russell,9,"30815 Deanna Port
North Christineland, AL 99430",001-195-5733,james78@miller-diaz.biz
25261,Emily,Stevenson,4,"7038 Melissa Shoals
Port Steven, FL 00643",574-867-0689,hrosario@mcdaniel.net
31204,Sonya,Prince,10,"Unit 2091 Box 3420
DPO AP 25541",573-701-4307,nathanielcrawford@hotmail.com
23165,Alyssa,Ray,5,"6012 Robert Track
Jenniferborough, NJ 55211",001-487-6363,mary39@gonzales.org
21789,Troy,Diaz,9,"USS Dunn
FPO AP 40378",903-523-8974,ynguyen@yahoo.com
18811,Jessica,Kennedy,8,"USS Jones
FPO AE 10163",161-950-9763,gobrien@strickland.biz
20087,Angela,Alvarez,3,"928 Joan Viaduct
Dannymouth, WI 22490",339-524-2515,fletcherchad@hotmail.com
31745,Jacqueline,Orr,1,"80058 Smith Pass Suite 591
Laurentown, AR 93024",336-730-3056,levysarah@wallace.com
28186,Paul,Snow,3,"5947 Beverly Ranch
Robertburgh, WI 18486",748-784-8580,knguyen@hotmail.com
16843,Christina,Johnson,4,"783 Terry Ramp Suite 599
Pearsonborough, OK 40028",777-559-1418,raymondlynn@gmail.com
26138,Richard,Brewer,2,"454 Sanchez Extension
New Tammy, NY 70014",403-159-8424,herberttorres@haynes-johnson.org
24932,Laura,Aguilar,1,"175 Kimberly Parks
Port Samantha, SC 80568",203-245-4783,vmcdonald@hotmail.com
20152,Michael,Cooper,7,"539 Jessica Crossing
Hillhaven, NM 68218",114-411-9551,lauren79@anderson-harrell.com
28242,Courtney,Hernandez,8,"8634 Hubbard Locks
Monicaville, OR 32711",719-557-2696,vshaw@yahoo.com
15601,Michelle,Lewis,7,"087 Lopez Pine Suite 554
Susanview, RI 25506",475-745-6369,hunter31@guerrero.net
18030,Peter,Mullins,14,"73110 Tiffany Plains Apt. 737
East Melissamouth, MI 17655",001-706-8313,felicia60@buckley-mendoza.com
56334,Jacob,Richardson,5,"07329 Bauer Point
Nashside, IN 48662",727-929-5881,sarah17@thomas.com
32331,Sherry,Maldonado,12,"913 Schultz Ville Suite 583
South Catherinebury, CA 54546",173-822-9105,rburgess@gmail.com
84903,Jessica,Brown,1,"315 Rodney Locks Suite 594
South Eric, OH 64824",897-750-7046,cgibson@yahoo.com
30657,Sarah,Morales,7,"8478 Dustin Viaduct Suite 764
Meghanland, ND 01216",989-473-8678,cindy08@jones.com
88958,Shelby,Schmitt,13,"038 Frederick Ferry
Port Deborahchester, OR 07627",183-571-0410,brownpaula@villanueva.com
92137,Paul,Jordan,7,"3415 Moran Turnpike
South Ashleyfurt, AK 73906",014-592-0684,kaylasmith@hotmail.com
13299,Brady,Hayes,9,"720 Deborah View
East Tanyashire, MS 91892",702-948-1650,lisamaxwell@yahoo.com
25167,Nicole,Davis,3,"943 Alec Well Apt. 845
Port Clifford, VA 78169",132-496-7093,millerpamela@mcgrath.com
30511,Joshua,Miller,9,"9518 Smith Ferry
Randallchester, AK 66259",182-309-0748,faguilar@stafford-matthews.org
23472,Summer,Shannon,14,"13967 Linda Green
Ramosberg, UT 37303",034-528-0389,adam99@yahoo.com
90120,Margaret,Swanson,1,"065 Wilcox Ways
Larrystad, NJ 87235",216-796-4804,egallagher@miller.biz
33855,Anthony,Brown,1,"37670 Jennifer Plaza
Walkerfurt, KY 89230",600-882-3867,brandi82@gmail.com
28073,Christine,Hoffman,14,"352 Heather Shoals
Denisefort, MN 63448",001-882-2698,browningapril@hotmail.com
14764,Brenda,Murillo,4,"3627 Lee Knoll Apt. 257
Rickyport, MD 11606",513-976-7701,moranderek@hotmail.com
18444,Jennifer,Heath,9,"68462 Phillips Flat
Robertmouth, ID 53444",341-704-4886,joshua83@young-brown.com